Ingresos,Hijos,Edad,Educacion,Gasto
20795,1,28,1,3925.746616610989
5860,2,28,2,1209.930777109699
10390,1,57,4,1516.135910592
16964,3,30,4,3649.4741549166197
16284,1,41,1,3473.921598127829
11265,2,52,4,1615.1444962296541
21850,1,55,3,3981.911189643866
9426,2,42,3,1756.6617697876763
19423,1,53,3,3840.016665450862
16363,2,28,3,3199.408727578202
21023,2,43,3,4396.1340489126815
13322,1,27,4,1751.2713675639905
6685,3,26,1,2486.591722587114
5769,0,55,1,1598.7959169471148
7433,3,37,3,2433.0914802693214
10311,1,22,4,1206.7073238666246
10051,3,47,2,2920.772519673909
11420,2,25,2,1980.0670380525314
22568,0,40,4,3193.398489452858
24769,1,47,3,4363.022016719215
11396,1,59,1,2796.203383454343
13666,1,20,4,1992.1866136067847
23942,0,55,2,4485.806773165314
23431,2,40,2,4966.273239258937
7747,1,54,2,1349.7033984366503
5189,3,32,3,1080.5984040114154
24118,1,29,2,4141.489467234534
8005,1,29,4,1254.3980761930925
6899,1,32,4,1249.6103900766873
6267,1,56,2,1369.2175967449919
22912,2,57,4,3894.5733388004883
16394,3,43,2,3865.171495372647
8556,2,21,2,2306.2204640760633
8890,3,41,1,2846.8647021639968
13838,1,36,3,2404.812469186844
19502,0,55,3,3007.606575040551
15627,2,33,1,3831.5695980994024
13792,0,29,1,2793.944065025683
15555,2,54,3,3393.6879966354136
15253,1,44,2,2906.5820961391573
13433,2,22,2,3392.2905659350363
15233,1,57,3,2792.9612905727136
16016,2,36,2,3181.9130476871096
7612,1,31,1,1915.8989696059791
20787,1,43,2,4016.2183635133897
22159,3,48,2,5104.492907536493
17206,1,44,4,2463.573824407897
13226,3,55,4,2920.760310456668
19541,1,45,4,2905.3889339848033
8152,0,57,2,1180.6285294713275
6585,1,20,3,576.4546494737901
8943,0,39,1,1628.6491877663127
24457,0,47,2,4232.055089702773
6021,1,35,3,993.6645406242201
16653,0,36,2,2517.446648055593
15805,3,59,1,4357.996801522142
18417,2,47,2,4406.337474811182
12989,1,31,1,2647.202725726474
14692,0,46,2,2660.7722998239096
17990,1,49,1,3415.1802102753545
11873,3,53,2,3530.336014144861
10675,1,56,1,2256.0572472777403
5161,1,25,4,182.74339822379184
9297,0,26,2,1016.3814542780917
5995,3,51,2,2204.6619637835215
16534,2,51,3,3224.4433884201003
12629,2,44,3,2960.9273721149484
6016,0,52,1,1173.9825172467324
13529,1,26,2,2438.8694550192395
22262,0,31,1,3707.665493609698
14268,0,35,4,1751.5591815708117
17185,0,35,3,2430.292674927055
11331,1,55,1,2486.774048346219
13571,3,32,1,3264.6536214988614
12208,0,26,3,1404.0931987769184
10276,1,55,2,2271.1111134117778
23446,3,28,1,5252.290588202684
21448,0,51,3,3200.4499477549066
21216,2,30,2,4493.384566422166
13006,3,27,4,2217.922859103002
7568,0,52,3,619.5858782884734
7027,3,42,1,2838.2445630327475
7695,3,44,4,2286.871760803262
20422,3,27,2,5305.237267920882
10258,3,41,2,3543.1595487322556
11736,3,23,3,2769.7731302704487
5391,3,59,3,1883.192569885075
18986,0,22,3,2803.6878835236266
17666,2,48,2,3680.902008100574
10892,1,48,4,1305.7994077339763
8561,3,53,2,2697.525440174917
11184,1,53,1,2405.144400831315
24483,0,47,2,4267.656322434891
13392,3,32,1,3527.5419256465466
18067,2,34,4,3202.514188393398
20265,1,42,3,3950.649411966423
24488,3,45,3,5361.459418457544
7454,0,23,2,1257.1933920121796
16837,2,45,3,3721.606609555114
19039,1,59,4,3286.6933453398506
24115,1,28,3,3971.867411718132
15965,3,24,2,4100.432691843629
14762,2,51,4,2669.075797773233
10056,2,39,1,2700.2957718102793
19948,2,30,2,4188.900066233558
13110,2,34,1,3177.2729404860092
18773,0,51,4,2264.146842841494
22412,2,47,2,4277.967916020267
5502,1,41,2,1454.9484373197724
11910,1,36,4,1760.3357789284978
17685,0,45,3,2001.2809874864274
5206,1,26,2,742.9352283953001
22868,1,45,2,4358.820113017346
20934,2,44,1,4853.007266215951
22247,1,29,3,3265.9644126514436
24174,0,38,1,4264.934391819159
13755,2,30,1,3414.0641635600696
17383,3,32,3,3724.2818967170706
23141,2,27,3,4452.550015769851
19820,0,59,4,2610.3145887163178
12574,2,23,3,2645.472971085503
11374,2,50,2,2497.6000103894444
6678,0,47,3,275.67205878681403
24626,2,30,4,4408.735695202346
6059,0,20,4,-486.31490554020013
21198,0,57,4,2368.6232186663583
14914,3,43,3,3816.480317289703
24541,1,50,3,4090.0611850810806
15817,1,45,1,2874.587074460186
15921,2,24,1,3336.7496815540153
14789,2,39,2,2971.444863895129
21312,3,30,1,5108.085665634817
16252,3,52,2,3795.6483932056494
7693,3,57,4,2233.689462762042
18931,0,46,1,3553.8903823545816
8627,3,53,3,2117.6422286997877
21157,3,34,1,4976.250744319536
15173,2,51,2,3261.104386353079
23047,3,40,1,5540.225605580713
15230,0,24,4,1879.9070287340023
20707,0,25,3,3225.7269292125743
16494,2,57,2,4466.9136229349315
6306,3,41,3,1316.4900114758755
11776,3,37,3,2598.8451313363275
14474,0,33,2,2655.1149217107813
12526,3,29,3,2385.112082008521
10530,3,32,3,3147.877167538067
8748,3,50,1,3134.8507344922996
18545,1,49,3,3272.8717621320116
5663,2,22,3,815.9631803565194
6998,1,49,3,1055.2879432239597
12994,2,25,3,2990.959999624764
22879,0,48,2,3822.9860296453035
8304,3,27,4,1750.3519477764708
23237,2,52,1,5368.990837225209
18808,1,36,3,3078.160624795792
11585,3,30,3,2875.2253299258127
22675,0,32,2,3380.5999736388785
24965,2,30,4,4444.573190401449
16649,2,50,3,3184.1341699171107
6636,2,47,2,1370.246350306725
22082,3,25,1,5393.305115886096
9737,1,35,1,1735.9288829887128
19555,1,23,3,3094.734335544416
18877,2,54,3,4107.257131723484
5854,0,45,4,-285.01966072679886
10855,0,31,4,1037.4030927600138
12392,1,30,3,1822.1353868932817
18949,0,56,2,2872.7201139976255
23091,1,44,4,4345.6244718135995
10791,2,37,3,2205.988464555366
9931,1,38,4,1099.0706099088627
24894,1,42,3,4141.490510834907
5202,2,57,1,2342.8109156162045
16447,0,37,3,2024.996613342793
17688,1,45,1,3844.9758337976373
9389,1,25,4,1044.5624273748438
7327,2,23,3,1816.0999379058012
13004,0,48,4,1088.9345109728063
24315,1,53,1,4699.214788155647
12777,2,36,3,2456.3851756775694
5197,1,35,4,397.8404261979464
6930,3,21,1,2389.4313726575992
16774,2,53,4,3918.563732512403
20087,0,27,2,3704.6569105451044
14339,0,32,1,2466.290191733168
16589,0,27,1,2857.7817834546695
23895,0,49,1,4276.256276201374
20708,1,51,3,3331.925233309216
22043,1,55,3,3889.133257484565
7811,0,49,3,1055.9619516638645
19243,0,20,2,3246.6124826167506
11546,0,58,2,2144.851846515639
6986,1,36,1,1204.6569489403262
13338,0,39,2,1883.2094728722536
16411,0,43,4,1522.1429834137014
7911,3,41,1,3211.523542442944
6734,3,48,1,2613.7237667775717
23227,0,41,4,3221.0470485328183
13680,2,28,1,3362.487504101189
24360,0,56,2,5038.5141092193135
23343,3,29,3,5016.349632278429
10759,2,55,4,2009.5358503092652
7385,2,56,2,1751.2381219146525
16111,0,47,4,2385.80600206606
9736,3,47,4,2272.698603226005
6802,3,40,1,3165.2235484689263
13155,2,43,1,3609.820290758116
13120,0,59,2,1991.995322547119
11616,1,21,4,967.9221830099306
19257,1,27,1,3810.2980244006144
19486,3,46,1,4780.120519375786
21646,1,41,4,3438.88962295902
19075,3,56,2,5001.083040332046
14208,3,46,2,3198.9800113198166
21371,3,48,4,4523.746123438135
16835,1,22,2,3154.9290894580818
18168,3,32,1,4817.826140813674
7049,2,29,4,787.497250985345
10423,0,55,1,2049.3009505833297
19589,0,28,3,3062.4699192716957
24492,3,46,3,5438.615585527289
12158,0,53,2,1868.4732370518868
15248,1,20,3,2659.7667913183814
12400,1,51,1,2517.3159862330067
24554,0,44,3,3368.9522476867983
14874,1,48,1,3074.1488607383926
20151,0,26,2,3248.1953557675565
23639,0,22,2,4034.7163566232907
6154,0,39,1,1211.4980205687477
9499,3,39,3,2757.2028539358253
11295,0,49,2,2027.3853592564367
17183,3,54,4,3612.437916085679
17874,0,54,2,2897.7436144028347
23032,0,58,3,4052.35256630379
10539,0,46,4,590.8607957380606
14637,1,45,3,2590.486687692018
20586,3,33,1,4826.98623871318
7557,3,36,4,2181.6217708558806
10592,0,37,3,1166.669492109275
21482,0,48,4,2968.0468338311084
7200,1,39,3,1641.8794985373738
19172,1,46,4,2682.540132172673
7961,1,37,3,1293.3330352473974
19207,3,23,1,4624.4295992463
16969,3,20,4,3491.201760959258
7869,3,20,4,2319.2518021530323
22340,0,45,4,2920.4582072577755
18992,3,39,4,3541.652282612153
10699,2,42,1,2598.2635248402253
8987,2,29,4,1448.4922456752965
18446,1,30,2,3326.1419260948783
6218,3,24,1,2444.3712363748723
9735,2,20,2,2693.9999154989787
16296,1,36,4,2858.296370283042
9555,3,41,3,2927.068525942217
14146,0,53,2,3008.0054418696504
13050,2,48,4,2657.024366216461
17757,0,23,2,2939.876163629438
24830,3,24,4,5121.109130207028
22429,2,30,4,4159.399395122016
11893,3,40,4,2745.2260112454683
23077,0,54,3,3516.5863445005157
19373,2,31,2,3617.146493323774
19565,0,45,1,3430.298094546696
8436,3,38,1,3087.521921683504
13754,3,26,1,3732.920083548554
15677,0,26,1,2236.6866180205798
10895,2,45,4,1955.1411702403168
24738,0,59,2,4248.015554754718
21609,3,24,2,4828.241562048264
20636,0,40,3,3170.0327056686137
12022,3,33,2,3390.021386461377
14151,0,23,2,1801.3939552832808
10600,2,42,2,2818.439507948581
12996,2,39,3,2949.1629842188613
14007,0,34,1,2433.847711118617
17946,0,48,2,3095.3763268035923
9642,2,27,3,2203.682836978117
16312,3,38,3,3364.8116649080434
12679,2,58,4,2759.955645853366
13208,3,47,3,2990.6328487357423
23589,0,46,1,4048.967812018753
15716,0,23,2,2291.787995920075
22453,3,34,3,4169.3862535016515
8444,0,54,1,1632.1327574428399
15757,3,56,3,4067.629866362485
19434,1,20,3,2597.184607212543
6060,2,22,3,1590.8094045562962
23711,1,43,3,3941.0575673152625
8420,3,46,3,2457.9423161551076
5301,2,59,1,1947.926002228022
17468,3,55,2,4548.617649889855
21990,2,53,2,5021.208901733577
24554,2,48,2,5362.094354532422
5699,2,43,2,1717.966588025389
5190,2,43,1,1794.5118308954713
15492,3,23,4,3071.520044764312
22364,2,22,4,4069.9229426802535
7975,2,53,1,2698.595079636323
11102,1,42,1,2575.5455301976635
22568,0,42,3,3031.4845130777135
24711,0,24,3,3649.025857108274
24778,1,50,3,4242.538443290181
6816,1,25,2,1417.1396176835403
5569,3,56,3,1798.1347682621654
10442,3,29,4,2400.4729927668395
6895,3,59,2,2487.8824500853016
24117,1,26,3,3494.419831276634
8863,1,58,2,2168.2197591252266
17913,2,57,4,3371.3407735260075
12455,3,40,3,3407.683818720323
9014,3,39,4,1625.1350047150763
16093,3,22,4,3103.8612629171116
23070,0,41,4,3139.4401279341696
8009,2,23,3,1675.0645579471397
21538,3,47,1,4969.029099268029
15729,3,31,3,3679.8796367072673
6409,3,57,4,2447.025373969505
17249,0,55,3,2678.6502855908
5784,0,24,4,-32.434549814048765
13096,1,32,1,2242.7847421792426
12560,2,42,2,2631.2229174777194
17533,1,49,1,3612.5675239784164
12343,2,56,1,3106.1292410228957
12206,0,44,2,2129.666568029074
10801,3,46,3,2958.909943297858
24190,1,33,2,5251.685167682377
21921,3,55,3,4625.833790723854
10986,1,58,3,1959.455783776347
23225,0,35,4,2758.804479695092
15647,0,41,4,1136.782930845031
13716,0,40,2,2263.858554826562
24334,1,40,1,4992.741775880823
17323,2,27,2,3311.304438845795
9780,1,35,3,1541.2588523334064
7368,2,50,4,1272.6249928716627
17039,1,29,2,2887.436785888589
11655,1,51,2,2199.8552705347734
13173,0,53,4,1212.1729106631644
9495,3,28,4,1878.7400757537014
15893,3,36,4,3090.8918567033134
18403,2,30,3,3625.701823009879
18121,3,51,4,3026.1062175692105
15966,1,29,1,3071.0458788961314
5853,1,41,2,897.5396002608265
21958,0,36,4,2621.2729990190055
22532,0,23,4,2758.303601350529
14907,3,44,3,3495.8699401558306
9777,2,40,3,1999.3297754786079
20338,3,56,2,4606.378624336283
7491,3,57,1,3167.375407618868
20328,3,20,2,4289.827793088201
19599,3,44,4,3845.462128369944
24508,1,55,1,5113.600680419495
8051,2,36,1,2429.4642111744115
20979,1,43,1,4035.290874533606
21388,2,21,1,3693.0715162369556
5876,0,59,2,641.0278633533061
9142,3,34,3,2443.953702076131
20202,1,51,3,3756.8548494716642
11966,2,58,4,2295.225363100293
12079,0,25,3,1162.8594825891073
12987,0,20,3,2102.856875856146
11799,3,42,3,2819.0637160932206
9465,2,58,3,2373.9352353961594
22019,1,36,4,3048.055773258521
18417,3,53,2,4206.350069121757
23077,1,48,1,4870.287941656339
13311,0,28,3,1866.531127435299
22214,1,32,2,3928.7634772288343
19098,1,25,3,2523.645952222636
10177,3,25,3,2428.657182891425
19262,1,39,1,3908.521946552236
13308,3,22,1,3621.3312828710077
10949,0,36,1,1654.098742398288
24222,3,31,3,5084.056886896851
6150,3,20,3,1533.5708518611168
6931,2,36,3,1215.0223347655312
14204,1,22,1,2977.437179386402
23048,0,45,4,3269.7048582561433
6081,3,34,2,2144.4345756173548
21896,0,55,4,2963.1015738194924
18407,2,51,3,3657.6672114041307
12805,1,51,3,2244.664583000754
10237,3,23,4,2687.459231319939
21943,1,37,3,3940.36597622996
17775,2,38,2,3563.5316041971596
21244,2,54,3,4082.723942163405
18184,0,59,2,2805.5012792322814
8343,3,33,4,1891.2149810123942
18500,0,52,4,2195.281474239175
14662,2,33,3,2987.036858885174
21964,1,53,2,3415.626954145032
20125,0,23,3,2912.8247073580696
13130,0,43,1,2356.3424782151283
24531,1,48,1,5342.235035161963
6679,0,38,1,1390.7196231480712
8506,1,25,1,1591.9457561355757
18284,3,52,3,4427.9609895929925
12253,1,59,1,2728.41351916537
24128,3,38,2,4902.292072548604
14435,1,20,4,1919.450212065016
16310,2,24,4,2563.8891474676893
18296,2,46,1,4241.197452926366
23525,3,35,1,6128.3121405379525
18245,3,25,1,4585.8691515314395
16151,2,59,3,3069.052098972662
15457,3,32,4,3466.9100989717153
7479,1,54,1,2028.0937410160434
9452,1,38,2,1447.8154710723131
10881,2,31,1,2278.5916694327366
19069,0,35,4,2081.477059689763
7849,1,29,1,1979.3688425430885
12390,3,44,4,2663.434664054865
16922,0,39,1,2940.3723720049907
7489,0,50,2,679.7940683164757
14823,1,23,1,3130.645612280873
14207,1,42,2,2050.076901237506
14540,0,21,2,1804.0719264463967
21364,0,41,1,3898.1962079562672
9611,2,56,2,2158.494420763941
24223,3,27,3,5273.587753074666
10878,2,26,1,2448.241687690876
21347,1,33,1,3820.238722543394
5851,2,22,2,1916.2118275857033
23071,2,35,2,4789.80166538508
11833,2,38,1,3151.904428196773
16938,2,37,3,3604.1183916476257
7427,3,35,2,1634.1222106051002
9000,3,27,2,2790.580032230628
10052,0,52,4,702.302057963136
7738,1,31,3,941.7116454429593
10387,2,30,3,2196.889852283556
13002,0,24,1,1949.0888456160624
10536,0,46,3,1431.7510006442228
18479,0,31,1,3110.987389420309
8913,3,36,4,2127.7393142918067
22450,2,25,3,4073.2390781072045
15636,2,52,2,3192.1714185639994
10726,1,24,4,1040.500878414646
8373,2,47,1,2467.209736371145
17161,2,33,4,3550.136930220648
7082,0,24,1,1492.6757173729604
21281,1,52,4,3270.8090769536216
20305,2,38,1,4557.344043981628
14817,3,41,3,3367.413151038314
16261,2,24,2,3381.2991802996053
5417,0,21,1,827.841294529535
13808,3,49,4,3212.0802739519286
8267,0,58,1,718.9808588136048
22209,2,23,1,4863.047870341729
10745,3,52,1,3329.2956255464464
16338,1,32,4,2126.265618017374
5412,1,39,2,1370.7422797669888
12543,3,26,3,3337.7931711777874
12587,3,34,2,3493.6945944164763
5728,0,42,1,858.1876533814985
16657,3,33,4,3083.5194453466124
10988,0,42,2,688.805967111923
23888,2,38,1,5289.815058756292
7967,0,48,3,1014.2202505560025
19527,3,39,3,4271.170208288958
24170,3,48,3,5571.80509186907
21048,2,43,1,4335.993565123752
22506,3,37,4,4502.108021345302
22955,3,29,2,5084.613238465205
10073,1,27,3,1448.5279639627124
10104,1,45,1,2620.0253751215023
7143,2,48,1,2273.012110988043
12357,0,29,2,1607.3292151098135
17043,1,36,3,2526.7908459434298
8440,0,21,1,1644.08102269314
10644,3,25,2,2429.338924938204
15518,1,24,4,1941.257567784674
19552,2,47,4,4095.2616706443755
7914,2,24,4,1428.853459060358
18584,2,37,3,3597.971732771436
17144,1,45,2,3223.9794128932153
19397,0,39,2,2793.2557451110224
13787,3,46,1,3899.5605775500094
19191,0,31,1,3151.9015679763957
5728,0,26,1,904.8675610928581
22749,3,22,2,4596.377592504469
5698,3,29,1,2496.0443076723673
12186,1,53,2,2713.05203335034
19512,1,44,2,3588.2744106116065
18923,1,54,4,3232.204975966854
21779,1,35,1,4384.980289908753
12400,1,21,4,1339.7115392168853
9171,3,43,3,2174.031866936364
9360,0,29,3,605.6145547253744
7502,1,57,3,1440.54914583161
22101,1,41,2,4098.397215626567
24166,0,45,2,4443.37852279984
10486,1,58,2,2401.0464340199956
13335,0,46,1,2576.6951019454573
9491,0,48,4,874.6456507313383
16130,3,57,2,3862.118586288696
12651,2,39,4,2346.6751221108652
6167,3,46,4,1744.225220515734
6062,2,39,4,795.9089597516438
23540,2,38,1,5529.340093349499
16174,2,39,1,4109.760620797113
9729,1,54,3,1352.3042266499936
14348,3,21,3,2975.0002137317438
10334,2,49,4,1783.8713953931056
13924,0,53,3,2097.0977740243325
9330,1,41,4,1346.6030083583278
11801,3,22,1,3341.1187720282674
9846,2,25,1,2604.803955831529
11731,0,34,1,1551.4877842703931
20368,3,46,2,4946.451190414803
22337,3,29,4,4408.7474576777495
7539,1,28,1,1463.3035899321112
12056,3,52,4,2315.762163132344
16516,1,51,3,2870.118232220561
16493,2,25,3,3201.860073577135
6542,1,55,1,1264.7643041391643
18964,0,21,4,2218.0526984636313
22575,1,48,1,4614.54487977222
11313,0,23,3,987.1736956313482
24065,1,20,1,4701.0070908649
22924,3,38,4,4605.53476689869
18807,2,45,3,3811.6596108362387
14580,0,44,2,2401.7536840102957
22749,1,29,3,3979.8305741867293
13691,1,34,2,2786.650711238004
12494,1,41,1,2743.3341468575027
9312,3,40,1,2941.9147267575695
6324,3,41,4,1505.8925167961695
8141,0,55,2,919.8443357905539
24870,0,53,1,4626.035327818319
6810,3,49,2,2856.2345196210053
11588,0,44,1,1906.8491663516336
24307,2,47,3,4943.762569828115
10301,2,20,1,2323.7580047918
20485,3,23,4,4079.335289123837
16714,0,26,3,2523.2309316786886
9748,1,28,4,1342.4279196992707
14435,2,55,3,2553.786695709394
8709,3,38,2,2834.6288415925487
18116,0,20,4,2228.6385947844146
14576,3,29,1,3940.427369309699
15150,1,55,2,3153.690214461843
24456,2,28,1,4995.775347784426
11530,3,51,3,2993.271475805881
15188,3,51,3,3953.779155646086
19683,3,25,1,5094.658389751702
5504,1,57,1,1791.4088792869866
6214,3,36,2,1966.7002698363249
6531,1,29,1,1199.6863311557886
5823,1,46,4,703.707813340273
22312,1,54,4,3740.4031445928636
10029,2,40,1,2676.332914307439
18428,2,44,4,3104.2588946887827
21517,3,47,1,5493.619458132246
7105,3,34,2,2389.7917118124165
8627,2,23,4,1483.9310135407886
17972,0,48,4,2478.8152411049045
6852,2,28,1,1971.9849913962848
9910,1,46,4,1200.067968793436
16003,2,45,3,3540.770666227917
18843,1,38,2,3235.5248188228347
16704,3,47,2,4015.871202676527
20761,0,36,4,3076.3285065148316
11190,3,39,4,2330.98435701547
22640,1,59,3,4069.7320602374925
24760,1,58,3,4384.3958436249195
10645,1,42,4,896.8427321596881
24870,0,51,4,3623.8762337632165
24968,2,52,3,4687.1814042378755
14588,3,24,1,3916.032947431966
16829,3,53,3,4270.921328896781
13053,2,59,1,2754.826442377564
8330,3,30,2,2396.531564783796
24087,0,22,2,3947.313546081855
13662,3,52,3,2702.712477782507
12114,1,30,1,2864.4463641105494
18323,2,35,3,3648.851506496424
6353,0,37,3,789.3341278613872
15975,2,49,1,3674.2311712918195
16023,0,29,3,1916.711799258714
5667,1,37,2,1104.943654842096
14337,2,57,4,3368.6636543506565
18659,3,38,4,4223.6636049310055
8719,0,55,3,1074.9863515037646
24129,2,32,1,5297.99592078209
12483,3,22,1,3637.1294396678404
5539,2,29,2,2268.5184686390094
9964,2,57,1,2979.7986050023105
9835,2,20,1,2483.9464489819793
11042,0,46,2,1538.6336270227707
19837,3,27,3,4308.6763834953645
12312,1,36,4,1483.1638393812273
10320,0,28,2,1482.66012512275
18216,0,25,3,1983.2467227743298
7779,0,44,2,991.1158683258791
22308,1,58,3,4245.1659247770285
6581,3,47,2,2513.196503816335
24708,3,52,3,5299.664787295944
17677,3,56,2,4355.681509150752
10713,2,28,3,2411.6487987073515
21639,2,37,2,4122.035484474791
9804,2,40,4,1406.8539266172168
23222,1,21,4,3251.9446796134525
15136,2,57,1,3767.3965078052024
5009,1,59,3,560.1664141528028
24255,3,55,2,5963.866583480934
10124,2,56,3,2005.070171618985
6015,2,34,4,1146.2479745269927
7193,0,47,3,528.9671652393073
13415,1,37,2,2443.6227730298992
18550,3,53,3,3777.2632619868245
19512,0,41,2,3419.5495717851154
9158,0,30,4,268.83732447246
11970,3,32,4,2239.032631973744
11938,0,23,4,1675.4271375962744
18772,1,41,1,3946.116731509411
23017,1,26,4,3830.0262087412784
15344,2,43,3,3206.5380867820686
12266,0,23,1,1783.1191775797256
13702,2,47,4,2122.989693278625
5384,0,34,3,187.45242197635594
5404,1,20,3,344.53681778867985
13175,1,22,3,1692.7790804620051
20158,1,33,2,3185.404256697377
17763,0,57,1,3285.418328023844
23384,1,20,3,4324.616505404102
14860,0,57,2,2588.36198799313
10989,2,57,4,2108.4723757296815
20106,0,40,3,2909.493279147571
22844,2,48,2,3916.107471499593
8636,0,24,3,581.4789430690846
15916,2,29,1,3202.23778877547
9809,1,47,1,2279.890085885811
18456,2,40,4,3232.5447443901453
20444,1,26,3,3082.7347708940947
10997,1,22,2,1922.4360275389406
7048,2,39,4,1329.2335822204504
17338,0,38,3,2838.1171716188137
22100,0,54,4,3350.880779109131
9544,3,23,2,2716.288362586708
9976,0,24,4,350.31530754347983
17775,3,20,4,3158.350294414102
15015,0,23,4,1685.8632168066288
8419,0,31,3,683.6255879430042
19430,1,46,2,3728.821959345249
12239,3,42,1,3900.786429796295
19489,0,44,3,2391.1326926052357
21633,3,40,1,5733.560909499314
15357,1,43,1,3462.0343169581975
22154,1,44,3,3239.470853551486
9363,3,51,3,3309.8951330379487
15176,1,51,2,3014.9755010890926
22461,2,24,2,4368.734104512011
13427,2,55,4,2701.4640767326187
13580,1,58,1,2709.103213277207
9858,2,35,2,2490.4202364134444
15040,0,52,4,1565.9195718108467
24198,3,40,2,6122.864669631796
24758,0,28,3,3724.0186458716084
20254,3,25,2,4792.07448733364
16470,1,54,1,3247.4868990794707
6252,0,58,2,1202.7655155268349
11996,1,41,1,2551.1665511714946
17173,1,24,3,2285.955490142314
9673,3,42,1,3094.6312645783523
20781,3,36,2,5389.218322545351
18051,3,31,4,3901.0985474881254
11881,0,42,3,1331.3587918728788
11949,2,35,2,2125.0804391550987
14521,3,22,3,2957.6450947231715
13017,3,49,3,2792.01499301491
11941,0,41,2,1191.871633292079
15209,3,28,2,3927.6710437492793
22715,0,48,4,3223.9297731317215
14550,1,56,3,3093.997567778927
9637,3,42,3,2260.8723509055385
9854,3,32,2,2794.6337838591157
24561,1,51,1,4580.99204484058
15320,1,42,2,2675.9835431949546
23564,1,36,3,3984.114148306814
9892,3,59,2,2960.0032269861663
12043,2,40,4,2169.059643175266
21521,2,21,1,4891.059891242118
24856,2,56,2,5567.40854491211
24216,3,25,4,4536.8173364844015
24963,1,37,3,4329.554804722722
9164,3,49,2,3088.7727137130814
12941,1,41,3,2430.9769874509802
19388,3,52,4,3907.5144479151936
10569,3,49,3,3001.4680026653205
9300,1,36,4,1241.7189936429
11269,2,51,4,1809.3952563029766
8818,1,33,4,1270.8200041640068
17015,0,29,2,2576.7446888713125
17234,0,55,3,2011.104654753183
23290,1,53,3,4079.432566671037
11254,3,28,1,3306.0398021751803
22144,0,47,1,3802.20923886985
12350,0,30,1,2373.208787633438
20183,3,33,1,5344.459527591718
11238,3,58,3,2878.174800684974
11090,2,38,4,1820.0441593757628
16637,3,34,4,3373.480449193257
17647,1,47,2,3270.442285773124
14911,1,43,4,2013.0696847329218
13472,2,27,3,1458.8010414425453
23271,0,28,3,3937.963027379573
8266,0,52,3,930.1190544448829
5666,3,52,2,2250.2774317327176
9188,1,38,1,2141.3937987974705
22055,0,22,4,2789.038707632134
15161,2,29,3,2764.4326689479367
16314,2,59,3,3102.3005534120757
17891,1,20,1,2850.3354531976397
9777,2,48,3,1737.8183792313537
8900,2,53,4,1410.872314871404
18716,1,32,2,3573.0820516991457
11981,3,20,3,2956.2627101756666
11376,3,53,4,2402.938179544416
21907,2,48,3,3548.8627360864525
23777,3,32,1,5654.748693137417
23977,3,48,3,5126.976193519875
15160,2,58,3,3050.8760583487883
19124,3,43,2,4852.940950602809
21282,2,45,1,4838.774371877185
15488,0,36,1,2331.0492903305653
10240,1,26,2,1437.9026870686423
15453,1,32,3,2398.078550191368
15478,3,24,4,2827.993728982005
17394,3,45,1,4541.887009027046
24262,3,22,1,5954.17026451295
9432,1,26,3,948.7968977765223
18568,0,58,3,2837.233658801518
19178,0,20,1,3417.1920839471654
22660,1,36,3,3847.504440141157
5302,0,44,4,281.788676683075
22022,1,22,1,4120.469743557723
5055,0,34,4,-24.437468968855278
18013,2,48,4,3440.645977920324
13717,2,51,3,2685.9569868857147
13150,1,45,4,2494.58036539233
7125,0,35,3,743.4912455549559
16479,3,44,2,4476.206294762856
20745,0,47,3,3435.4120554233587
21748,2,28,4,3912.6923084847117
11809,2,20,2,2924.7207128542905
9621,0,48,3,1174.0803835752465
20034,0,41,4,2399.16512526982
18623,3,35,1,4695.413464924268
10126,3,26,1,2778.554799531817
10122,0,33,3,420.55907695534586
23030,0,48,3,3311.110556299964
22302,0,38,1,3945.7673796731474
24181,0,38,4,3711.67191242831
10870,1,21,4,1000.2747198937959
6531,0,34,4,465.8637792622001
13172,3,22,3,2604.479695450298
24729,2,30,2,4744.734461142046
12673,1,49,2,2888.266815244184
11882,0,59,2,1928.5159833184093
6906,2,37,2,1802.5659246964235
8086,1,21,2,1457.1409742390501
18503,2,51,3,3367.7416631492415
13152,0,27,3,1415.665905667386
10750,0,41,2,1540.4974016600943
17772,3,25,3,4199.861320565621
15267,0,31,3,1431.922985884713
6062,0,59,2,1465.6926919423915
23360,1,55,4,3863.7063591536275
22680,3,34,3,4523.7266075139505
11229,1,47,4,1194.9498726748106
21509,2,37,3,4241.991548383079
20147,0,21,3,2332.0623462461444
9632,2,32,2,2089.6551087589255
11288,1,34,3,1686.1591079407142
8596,0,39,1,1797.7694701398154
16475,0,48,1,3230.203991996864
11168,1,48,2,1989.018836181984
14795,1,22,4,1892.7200811260843
12561,1,38,4,1244.5369667291611
13258,1,22,4,1071.1289172192446
21616,1,33,1,3871.2512131105
11371,0,59,4,1562.6266027274035
19369,1,23,4,3043.040967242084
17910,0,30,2,2822.0167387628644
12943,0,50,4,973.6017515631529
17199,1,51,1,3374.0093571473117
20728,1,46,1,3943.49105755368
11738,3,49,1,3540.6460380390795
20913,0,21,2,3113.8610832770673
7472,1,28,2,1055.3737506909395
24123,1,47,3,4377.134017884691
20679,1,50,4,3400.072803610598
6761,3,53,2,2272.8787261565635
15167,3,34,1,4136.882488693813
15554,2,44,1,4054.215730646935
22260,0,55,2,4214.3369137881145
19277,2,27,2,4079.4966162224896
8812,1,28,2,1717.161750722495
22844,3,56,3,5037.669195068452
23117,3,58,1,6091.788762019374
6605,2,51,3,1325.1222189627194
10622,3,36,3,2941.166967909039
11767,1,54,4,1658.7763977208713
16613,3,56,1,4976.485350436264
24901,2,38,1,5612.895438893907
15589,1,48,2,2942.9993808957415
18918,2,26,2,3783.6134265850746
18046,3,47,4,3962.241818849659
7590,2,28,3,1718.5754280055046
22447,2,47,2,4623.41475416497
9324,0,25,2,1161.8907591922957
15787,3,48,1,4568.188724422252
14111,3,36,1,3467.6484845225145
10342,2,35,2,2626.7219966214934
21389,0,42,1,3943.946846052633
13659,3,50,4,3393.3303722177734
19043,1,22,2,3122.7727458013896
13837,2,40,1,3370.2409998184826
5117,3,45,4,1607.209262036799
18917,1,55,1,4168.452924811211
23935,3,56,1,6053.131837024044
19309,1,41,1,3508.957505578446
18234,2,31,2,3864.808804533627
10560,3,32,3,3216.8989805679776
5846,3,30,1,2594.320748772275
15954,0,35,4,2289.745765816359
18703,2,27,2,4137.315862427976
20385,1,59,2,4372.766558961183
18746,3,59,4,4147.050867625072
11469,3,21,1,3416.7150751503373
14333,1,49,3,2524.005121217661
21608,2,49,1,4901.372828740105
17819,0,31,4,2322.9420936958645
9208,0,29,2,999.2081836394118
11283,3,30,3,3285.08854378827
7048,1,34,2,1068.9814958975717
11233,3,35,4,2705.2482914305265
17941,1,36,1,3987.515947077666
17607,0,45,3,2450.024983047209
14765,2,21,2,2707.135612925253
6828,1,31,2,1627.3972994598398
6917,0,45,2,998.3685422504066
11988,3,42,1,3807.65011732535
23410,1,37,3,3997.7513926306215
19594,2,51,1,5054.453870061375
17977,3,57,1,4155.72148442329
5009,3,22,1,2307.6763535774808
21644,0,57,4,3488.6889522106744
14865,1,22,4,2000.7029456411797
7219,3,49,4,2017.636474130322
12041,2,20,3,2119.1135423762457
23444,1,49,1,4764.392593585234
10287,2,51,1,2359.167014423764
6619,3,47,4,1593.1316077292208
13512,2,40,1,3074.8612108599477
6342,0,32,1,1212.3749095956446
15568,2,46,2,3268.1390782209464
24216,1,55,1,4807.483071669194
24208,2,26,2,4762.8192531708155
23378,2,41,1,4940.274027467533
19231,0,29,3,2724.709543120081
8490,2,58,4,1839.7987451887002
14310,2,34,2,3339.2927561205815
12984,3,34,4,2952.5203628904364
22988,3,23,2,5270.984057071057
17219,1,51,2,3192.505090165422
5235,3,42,2,2016.4672514434633
15161,3,25,3,3091.4456760072553
6908,3,43,1,2448.979689205268
13567,3,39,2,3568.767444222146
8530,0,56,3,797.6986210417203
10256,3,39,2,3375.458308325155
24019,0,31,1,4178.428952752785
13162,0,52,2,2519.722185459303
23944,3,47,3,5408.445098886479
10415,2,27,1,2406.696534898019
8391,0,20,3,608.6264295718031
16157,2,56,1,3443.8254799404294
10951,2,41,1,2931.3385617417143
13007,3,25,4,2463.3045823581974
14064,1,40,4,1674.8722985260374
20524,3,51,4,4768.33023292907
24282,1,54,1,5282.637375270397
5077,1,34,2,1328.7487048327923
12577,3,24,3,3118.0133856341813
21984,3,25,3,4259.232598474056
19060,1,44,3,3144.0429563057273
22449,3,59,4,4660.204261888695
23520,1,48,1,4250.261606987992
15535,2,26,4,2463.4548938031603
14510,3,59,2,3713.958460644548
11943,2,32,1,2992.0016815353433
16954,0,57,3,3261.3557671566978
12804,2,37,4,2249.333205300395
11565,2,21,4,1914.7271426376024
10984,1,27,2,1862.3304144102897
9670,2,30,2,2465.040524000003
23574,3,52,4,4591.425222717708
14184,1,57,2,3368.698475631377
24096,0,46,3,3719.7568357672217
7192,3,39,2,2303.3434464090483
6248,0,31,2,977.1654647742732
16246,2,50,4,2735.47358693587
17790,3,46,4,3962.7467769238674
23381,3,51,1,6187.223807043263
8687,0,29,1,1295.6326386206692
9018,3,22,4,2568.259815116322
16302,3,46,2,4266.330043885642
6970,3,54,2,2732.634706874441
13389,2,50,1,3799.292770105123
22586,0,34,1,4427.758964594966
20374,3,35,1,5100.453138377294
10788,1,32,3,1893.7693246999363
10408,1,54,3,2229.97444092339
14446,1,30,1,2526.7613530754493
5922,1,40,2,706.0329691008216
5419,2,30,1,1824.667144862109
23588,3,49,3,4660.511241999435
15789,0,54,2,2464.9895210827262
6120,3,41,3,2061.4030144818703
16260,2,57,2,3591.7973412686574
22334,1,50,3,3908.347490118219
7336,2,33,2,1584.0324333020087
10373,3,43,2,3231.824524064782
7243,0,51,2,731.7236682279537
24029,2,55,2,4502.283402334631
9612,0,51,4,783.8405416046894
18946,2,34,3,3915.86797568004
23249,0,54,3,3693.360767540005
16104,0,22,4,1343.8827186682902
18429,1,35,2,3385.26489767728
11371,0,24,2,1605.0898260694028
11359,1,40,3,1861.4854934462937
12863,3,29,4,2605.0529962749956
8228,3,38,2,2728.93530427471
19382,1,44,2,3103.337057301735
23755,1,23,2,3987.871997346873
7891,2,48,1,2036.3477808760786
8756,2,38,4,1975.807163378332
20770,2,21,2,4368.775997563219
21478,3,29,1,5228.063495635777
7674,2,44,4,1016.7069841419366
11898,0,39,2,1940.8822730028035
15147,0,38,3,2398.6673652794298
5793,2,42,1,2195.7004214838958
7116,0,43,1,1239.3165629224316
10779,3,30,2,3122.270010539065
17298,0,53,2,2907.4601731602543
19153,3,47,1,5189.61012560705
16111,1,24,3,2785.9690871767834
15789,1,24,3,2389.9719336557996
16397,1,40,4,2231.732799125383
17999,1,31,2,3113.78395746928
5814,0,23,3,395.16628607712676
21729,2,39,4,3821.0430777790257
15541,0,57,3,2018.6151666390483
7443,3,44,2,2513.4654417718166
15457,0,33,4,2020.0214195889716
15380,0,30,4,1683.7945801240994
12783,3,51,4,2809.8413195645267
16473,1,30,3,2738.1570268679093
22368,1,37,2,4151.798858996777
20328,1,46,4,2644.3238537043635
5827,2,37,1,2188.091344187565
24915,3,42,2,5801.98790852896
12147,3,30,1,3474.1689086676042
9451,0,40,1,1927.1920162074919
20343,2,24,4,3867.836531913957
18635,1,42,4,3103.8869749868927
10959,2,44,3,2050.7626403371187
5126,3,29,3,1439.984044153484
24561,3,41,3,5634.2299372227235
13795,0,38,2,1477.6085626983254
16641,0,20,3,2026.6000315977144
12196,3,26,1,3569.0591553656814
16559,1,23,3,2061.4367499413947
8368,1,20,4,893.7078008014385
8797,2,34,3,2123.7770141798396
20114,3,59,2,4466.747928298618
18718,3,31,2,4865.431424683381
6792,1,41,1,1373.618795392456
16053,1,41,2,3149.706237165238
8476,3,36,3,2279.0486883789995
8417,0,48,4,636.242905327807
6645,3,33,2,1886.1729756860395
19755,3,39,1,5323.027446024285
24414,1,52,3,4477.675344316511
24256,1,34,1,5253.516671275
8072,0,31,2,608.6488565014254
6854,0,59,2,1011.4546791660523
9662,2,39,1,2696.88854822903
11514,3,49,3,2969.7520454137257
7708,1,57,2,1886.7502384869213
16694,0,22,4,1742.997080615198
14524,2,47,2,3898.154236405334
24891,2,45,3,4917.119637891783
11456,1,49,2,1376.3585104965478
9212,1,32,1,2012.037994788667
18224,2,32,2,4164.2701197467095
12970,0,21,2,1445.0026507115422
21920,2,56,3,4133.722376524373
6625,3,57,1,2556.6250841833184
15314,3,21,3,3016.9491342735637
12973,1,55,2,2421.8392955393424
13577,0,45,4,1745.6291571400966
13070,0,30,2,2288.9424785076885
13666,3,27,3,2378.5296990583724
8600,2,59,4,1641.1713572564233
11783,1,41,3,2008.7350415351484
18226,2,39,3,3618.2661173339247
14146,2,27,1,3861.1364562263993
9971,2,48,4,1273.854997343051
18490,0,59,2,2329.4086729231103
22589,3,45,3,5569.231738446807
17951,0,49,2,3132.8834141994494
17312,3,36,1,4285.978908800716
6990,1,39,1,1740.2152642387546
10299,1,35,4,1374.586254223699
17997,2,26,1,3803.754769155563
24956,3,35,1,5959.437013662809
18472,3,46,2,4580.446178405302
9380,3,42,1,3721.3866299536744
9757,2,43,1,2979.616747559161
24097,2,28,3,5096.34237477231
15395,1,54,1,2884.730108873244
21241,0,39,3,3024.5464354330106
10588,3,56,1,3534.2423724552323
22350,3,36,1,4836.577314946701
9944,0,50,4,1246.9587859821104
18395,3,27,4,3859.434196932911
24816,2,34,3,4668.597382217894
22072,2,50,1,4944.89072949909
9243,3,49,2,3240.008020872373
14916,2,39,4,2412.6312040272783
14984,2,58,2,3841.3050652575134
6759,3,31,4,1593.8392986992471
14181,1,36,4,2215.934617719665
7482,0,49,1,1396.2744908989448
5951,2,48,4,1880.0148842130275
7079,1,38,2,1126.9682397496276
7717,2,30,4,1144.8350622108005
14692,2,53,3,2599.481755577798
12311,0,26,1,1628.1525681475605
23449,2,53,1,5512.808568192803
5768,0,39,3,869.8944479778861
10490,0,57,3,1602.5857321932783
20534,0,43,3,3031.960037955439
11645,1,29,4,1203.793175844756
10232,3,51,1,3620.8710548528006
16485,1,34,3,2400.4357356483024
10797,3,56,4,2192.7022219840173
24719,3,39,3,5217.713693355397
17342,0,22,2,1910.2457861258117
13038,2,56,2,2672.53651491007
21002,0,59,1,4447.928858094507
18087,2,27,4,2639.2922819020114
9873,3,59,2,2712.7293680159173
6481,0,42,2,857.4463848568265
15093,2,59,4,2919.667566338665
24835,1,30,3,4171.357695770224
19422,2,27,4,2758.6471995721977
21438,0,48,3,3511.8269715090087
12643,1,49,2,2315.3443342978494
24846,2,29,2,5399.880073994042
20708,2,58,2,4322.505181900174
16271,2,47,1,4172.143589257302
22216,2,55,1,5466.186771374972
17600,2,32,1,3829.794065560709
15998,1,51,4,2731.6226915963493
19295,3,55,2,4319.394702216221
15682,1,56,2,3138.5945033965927
21380,1,45,4,3782.7277727417822
13519,1,41,1,2977.7977690113657
24694,3,23,4,5564.269402431619
8300,0,50,1,1688.115246236673
11722,3,37,2,3057.1835804995667
12218,1,57,3,3005.3468129856446
8054,2,43,1,2894.9095530777636
18575,2,42,2,3472.1515080053077
12970,1,41,2,2190.1083727436344
7143,2,21,3,1119.298598154305
14503,1,50,2,2981.3937389020425
20149,2,30,2,4299.397372028918
23922,3,47,1,6001.597510233777
17175,0,51,1,2594.1094165149702
13356,0,24,3,1329.0043456573826
20070,3,57,3,4539.620694668101
5822,3,29,2,1550.1410205453553
22327,1,59,1,4376.744352362293
19289,1,43,3,3704.1779659232184
11150,1,54,3,1472.1452295842355
9425,2,42,4,2160.9019246603716
21032,1,36,3,3885.3747926472397
7198,3,20,2,2142.471443205004
8452,0,50,1,1346.4922527390208
14106,2,50,3,3166.3453711929164
18859,1,53,4,2779.8543676157583
22692,2,28,1,4676.657502715851
13705,2,41,3,2748.05305802071
15112,1,32,4,1476.2192135507792
24978,2,44,3,4477.511008627267
9841,0,37,1,1549.356578581372
20358,3,31,1,5120.773812338914
6409,3,59,1,2552.7008529060568
9566,0,36,2,1228.0102534800849
16382,2,34,3,2682.143183762764
22939,1,34,2,4487.30395888515
19596,2,34,1,4429.938997072348
5804,0,58,4,377.7793911505925
18221,2,32,3,3631.7467746823236
6279,3,36,2,2265.5991329350254
18192,2,51,3,3526.468665792455
12083,0,28,4,1376.6752773157805
16093,3,59,2,4210.746746657892
22771,2,39,1,4975.82814471634
17880,2,45,2,3851.0530640591787
20517,3,46,3,4551.495151060644
24063,1,40,3,4137.261892813022
7106,3,37,3,2221.286817034189
21086,1,32,3,3246.8780776501444
9831,0,35,1,1363.1628167332865
24152,0,28,2,4053.2282345282783
8186,3,31,1,2761.2556324567945
7573,3,57,1,3255.8196307281237
17808,0,38,1,3192.2122799714443
7599,1,26,3,890.7754252334875
9033,0,54,3,1250.6195269137143
13428,3,37,3,3524.7281436694975
6304,0,35,2,870.1358492917553
22685,3,58,4,4997.963912278867
23925,3,23,3,4938.132959394626
23435,0,44,2,4204.26439401193
13633,1,51,3,2168.453193885762
16372,2,59,3,3516.1530450518153
13996,0,32,1,3086.2566100176346
21458,2,36,1,4901.695121694288
10475,0,56,1,1816.024789098184
12184,2,25,2,2497.8652392043723
17875,1,38,4,2660.586831594782
6622,1,32,4,912.6413668056782
20988,0,45,2,3484.384456985544
13041,3,33,3,2861.9748284167667
21725,2,50,2,4437.55437571272
23458,3,23,3,4943.10115288254
12992,3,58,2,3611.239764380465
20646,3,27,2,4828.795406975239
22029,1,44,2,4406.777013883248
9263,0,32,4,1413.5778280097047
19060,0,51,1,2995.525174334375
20156,1,57,2,4106.824345271128
13646,1,57,4,2133.7069996016817
16664,0,47,1,2395.915873181952
7969,3,49,1,3325.679083320767
8028,2,22,2,2013.3837591669449
24065,2,47,3,5000.8159593611745
8629,2,22,3,1177.3669646630558
8067,3,53,3,2340.6659456349853
10941,0,35,2,1187.7979639870903
22770,1,41,3,4594.539737026312
24250,0,51,4,3880.7792330879697
16555,3,57,4,3424.1290610995566
18081,1,27,4,2147.226130954652
11819,3,27,4,2539.9005211546587
16046,2,25,1,3940.9037724001
22717,2,33,4,3533.4114987575067
7711,3,51,3,2048.428749066704
9853,1,54,2,1684.901725270924
12715,1,29,3,2218.5265761147484
13942,0,22,4,1193.1136446290066
20507,2,31,1,4408.122930961881
20826,0,50,4,2911.9365287410164
6762,0,48,2,678.5327295189675
20850,3,24,3,3967.765552620628
17112,3,44,2,4612.429296855865
17652,0,50,2,3300.056665093204
11122,2,40,2,2647.3872268295695
5481,3,39,3,1919.213545018654
19536,0,58,4,3071.28869333283
5153,0,41,2,658.1360302032506
12617,0,23,3,1254.5239067925531
6524,0,32,1,1053.0810623200941
7120,0,39,3,1028.0205234686096
20048,0,32,1,3445.2355528154967
7343,3,36,3,1915.4399294905236
10136,2,55,4,2018.6501914366695
6240,0,52,2,1093.5714505721694
5060,1,20,4,443.6610536180583
14130,3,34,3,3425.5151666255365
23023,3,32,2,4955.621973546826
17312,0,36,1,3188.4214548541263
18350,3,43,3,4129.594613637186
17418,0,27,2,2371.694613998696
6252,2,46,1,2367.5204001028774
13363,2,42,1,3168.671265869798
14650,3,27,4,2508.9785356728667
24933,3,27,3,4930.569014906436
23706,1,45,1,4715.338416321205
21314,3,32,2,5044.994028920239
9090,1,58,1,1967.8363187324
11960,2,56,1,3126.105395144484
8004,2,47,4,1171.6816930162108
21713,0,44,4,3264.917448019722
8640,2,35,2,2636.550500642045
6341,1,21,4,982.4166196131985
16855,3,37,1,4672.8945624276585
5338,0,36,1,1148.832272022668
10895,1,49,4,923.352072904288
17254,3,58,1,4719.881690024859
24092,0,32,1,4065.5134251888826
16344,2,51,2,3894.717873678125
6750,1,48,4,78.77546651327305
7421,3,49,1,2918.0764570563015
12119,0,37,4,1071.4466981320961
10319,0,32,2,1709.9774891662764
20896,2,40,4,4236.952537093037
16918,3,49,1,4237.2298241214185
18849,2,40,4,3119.0352752215713
9873,2,36,1,2708.460156250104
9806,3,59,1,3877.934196786123
13592,3,38,1,3822.8095829667905
17182,3,34,2,3729.283781597753
24541,1,28,4,3680.9801708507
21774,3,29,2,4990.527826680611
17045,0,50,4,2221.260602118513
9430,2,42,2,2113.941760867115
13820,1,49,3,2168.220097091362
9232,3,52,1,2897.326334944521
16122,1,28,1,3499.900262855827
20023,3,20,2,4252.119380358332
13007,1,54,3,2122.3393167996273
22905,2,30,1,4812.130910026695
14018,2,53,4,2149.0816846298303
6500,0,35,2,508.9269750100346
11737,0,28,1,2246.0784724856494
8294,3,51,1,2661.9557128274364
23803,2,34,2,4588.451200656144
24426,1,31,2,4070.6825825413553
9497,1,52,4,1309.3264502420623
22850,1,33,4,4145.581007768174
24945,0,27,1,4293.339998781411
5614,1,27,1,1362.790873845849
14374,0,46,2,1986.0650872471704
24607,0,31,1,4287.985874237451
7667,3,20,1,2975.7293860506334
18409,1,59,2,3633.861850621113
21514,1,30,1,4829.20098060253
7983,2,58,1,2919.9514070505347
17651,3,50,3,4035.230745915846
13230,2,36,4,2288.681578208955
11640,3,52,2,3792.5334505985297
16779,1,51,3,2951.434143121224
20317,0,48,4,3164.9992862991885
22304,0,40,4,3645.454223028616
12564,0,40,4,1182.7018906433832
20520,0,59,3,3295.4047631101653
18737,0,42,3,2977.369575914741
14323,2,25,4,2632.651396418548
20229,3,41,1,5283.34621509828
16713,1,57,1,3157.3335919318747
13502,2,56,3,2614.341518827205
24625,3,27,3,5020.705758957176
5545,0,54,3,868.3687950157148
9346,3,30,4,1718.353003845814
14996,3,43,1,4563.080360027151
20775,0,40,3,3283.314464214221
18919,0,21,3,2850.3212096835346
8810,0,59,2,1111.003930156161
12206,1,38,4,1682.800860588924
14005,0,58,2,2367.5020651982227
21371,1,47,1,4410.859588121936
17316,0,36,2,2746.8261171406048
23416,1,25,2,4126.554167593258
13436,3,38,2,3517.7119361009827
17984,2,57,4,3702.1948136047513
5271,3,47,1,2140.4795949828613
24895,3,21,2,5926.399641938323
23155,0,57,4,3675.075082995729
15616,1,56,1,3057.961421470745
9361,2,23,3,1935.4377236122425
12069,0,41,2,2038.0969480695421
22304,0,45,1,3624.435479069625
8430,0,55,2,1299.569510664121
17676,3,32,3,3860.4031340363526
15816,1,51,1,3140.7233226125873
7050,1,36,4,795.7945919157936
16692,2,55,1,3853.7479718623035
6165,1,38,4,1056.2730614731065
7033,1,54,1,1657.9653215768888
5145,0,59,4,426.562460333608
19269,0,47,3,2337.0282912290786
12832,3,20,3,2839.0986879913603
19286,0,37,3,2739.6028154872242
7632,0,59,1,1435.5078621450011
9494,0,52,3,1017.1074561528227
20152,0,31,2,2938.5654350715963
14155,3,27,3,3419.121499244003
15426,0,43,4,2083.531164402113
15233,2,35,4,2643.047589698384
6828,2,23,4,770.3389211691544
17260,2,57,1,4696.193770501243
14130,2,46,2,2917.205052134903
9805,0,28,3,508.39137115474404
5806,2,35,2,1051.5246274994483
13202,0,31,2,1894.3452117489317
6868,3,50,4,1814.062356894755
19561,2,43,4,3857.9020476174
20512,1,33,4,3311.18300442195
19899,2,44,1,4609.783772523291
21220,2,53,2,4483.542776245623
20934,0,22,2,3529.7085448516605
10429,2,43,1,3365.1633433992583
14076,1,28,1,3091.5575594386596
8564,0,45,1,1370.837666980567
6389,0,39,2,1025.0145194830204
16593,3,59,2,4134.3984846894955
12274,3,29,4,2249.7523825835797
22208,2,38,4,3735.9072611453016
23649,3,22,2,5117.554686951038
22320,3,43,4,4609.202635562562
15745,3,24,1,4666.478444411536
19199,0,22,3,2302.3277655088004
20876,0,46,4,3226.2413049146658
23180,0,35,2,3669.8361009476084
13245,3,34,4,2197.7756109704505
12214,0,54,4,1171.1095240960105
5726,3,31,4,1854.613012625441
24120,0,45,3,3855.1303160341013
18832,0,53,1,3532.4441184836346
16362,1,42,2,3442.309398198141
23297,2,50,3,4328.317170868608
15106,3,39,2,3469.9416392906924
12657,1,31,2,1589.5479048862067
23850,0,42,2,4231.190272917663
19551,3,23,3,4312.145460664527
12906,0,42,1,2441.397943422161
12287,2,20,2,2237.2984069293148
5892,1,44,1,1079.1441813718232
15222,2,21,1,3027.3973727367024
9675,1,49,4,1060.0488485176372
6933,0,22,3,872.5871688662171
22764,2,40,3,4734.351318125367
16873,2,44,4,2920.0851409616826
22674,0,39,4,3196.361406296363
23024,2,41,1,4891.832456377808
18239,3,40,2,4479.308654225113
15874,1,52,3,2413.422063988841
22602,1,57,2,4597.327208877373
10016,1,34,2,1588.3203489287355
18774,3,34,4,4050.8486667670013
14752,1,44,2,2644.097835689476
22338,0,40,1,3714.177062911134
20585,2,43,4,4227.223572048396
12291,3,24,2,3186.451610107027
5974,1,25,4,383.93732039722477
9133,0,42,1,1802.5583330502066
19663,2,23,1,3862.5948377031805
8972,2,46,2,2620.343242785375
10295,3,37,4,2279.463285359282
18913,3,40,2,4676.401488691146
14105,3,47,2,3222.3388332082022
13228,0,54,4,1385.997725535213
14903,0,41,2,2270.5600050257735
8020,3,59,1,3367.1579174152193
13987,1,42,4,2219.5526397260714
17880,2,22,4,2902.3342959071356
10233,2,59,4,2125.796369526675
14516,0,29,4,1854.6064878596667
19559,2,44,2,4098.311140121012
21701,1,27,2,3802.56915310894
7396,2,30,1,1596.9071831580059
23546,0,24,3,3341.2414890360546
24129,0,56,3,3340.9330626703886
6591,1,57,1,1768.892248375233
16303,1,48,3,3089.6706811904955
11183,2,24,1,2105.2667201248532
6312,2,28,2,2036.2340150859254
12314,0,21,4,907.9412392698426
23767,1,20,4,3619.952234008366
24623,1,59,2,4639.763948288099
7139,1,49,4,399.8091614606508
19688,2,30,4,3205.638351695008
23088,1,47,3,4697.478611049974
11924,0,31,2,1311.8849657990977
5362,0,58,3,37.41753984116235
23988,2,45,3,4767.96651245746
18481,3,32,4,3708.0811547351595
8738,2,27,4,1359.198947000838
7469,3,47,2,2552.4701905208053
21106,1,49,4,3596.588924434095
21940,2,28,4,3675.544543764094
14017,0,58,2,2338.2785558436126
7808,1,50,4,1341.2451111883272
21370,0,40,3,2865.103904964177
19870,1,53,2,3110.3270317028587
17713,2,50,4,3473.860765178101
12561,3,44,1,4434.72069782867
7719,1,31,2,1425.143403580489
16700,3,20,2,3942.651065466135
8741,1,41,1,1910.449105293931
14766,0,59,4,2300.1007617827386
8998,0,56,4,768.5994573922848
23787,1,20,2,4176.083526141868
21077,3,20,2,4977.230478427109
5294,2,40,4,878.3581523315692
15177,2,34,4,2261.994300881297
14882,0,36,3,2179.3490787502974
6136,2,41,2,1592.2228879204852
7064,0,57,2,787.9634587823914
12009,2,54,1,3817.126057547068
17987,1,35,3,2918.7046944885656
9543,0,27,4,739.9319139287322
6007,0,36,3,406.87756218892264
10445,1,36,4,1070.8372187754912
15706,0,45,4,2061.363582241907
19749,2,32,3,3866.863444422873
16718,2,36,2,3350.26261539461
14439,0,57,4,1875.3931934420968
18281,2,36,3,3382.9369736475887
6435,3,33,1,2205.6261083557274
5571,0,25,3,-146.21107959384474
7382,1,54,1,1984.3570392640058
10084,3,33,4,2129.783268409753
21661,0,27,3,3538.005366952721
18507,1,34,3,3046.182697202666
12059,2,46,1,2880.695874971192
23271,1,32,3,3999.651480880028
17771,3,50,3,3695.0960930769443
22649,2,54,4,4226.633357817701
12491,0,25,3,1474.2281696552743
19527,2,24,2,4007.704494929489
22424,0,41,1,4368.912309378056
19859,0,42,3,3674.228170298162
13073,1,44,1,2975.175744550164
14077,1,53,1,3395.0153622201033
24136,1,45,1,5617.940354132502
16383,3,24,3,3262.634008293955
21378,3,45,3,4754.8621668678325
7353,1,39,1,1604.9931816923704
9799,3,25,2,2967.470769790114
22070,2,25,1,4827.873631554778
16939,2,37,2,3353.3096973106367
7428,3,23,1,2601.16811847976
16296,3,36,4,3684.921478783355
12813,2,33,1,2725.3210710807666
19414,0,33,1,3080.1155206965927
16801,2,32,3,2938.3578237743122
16745,2,26,2,3549.0329889024297
18025,3,34,4,4041.316531088542
8356,2,38,2,1501.5261121900817
19288,3,54,4,4135.092042018687
11540,3,36,1,3147.7904257040345
21422,1,54,3,4115.3684454241065
8342,2,38,3,1731.0221971105095
14078,0,39,2,2140.467798041587
7844,1,55,3,1389.1383180905227
15396,3,54,2,4325.247985932065
22482,3,51,2,5904.18141260399
23207,0,59,4,3069.963003365228
18998,3,43,2,4256.689500475103
18261,2,36,4,3329.948532653001
24539,1,26,3,3897.0608137657823
8093,3,20,2,2657.7031852664304
16722,3,54,2,4557.706050700412
24280,0,51,1,4279.397135690718
16645,2,55,2,3496.155925658698
20083,3,32,2,4553.459930791039
5988,0,25,1,914.0646639006975
11446,3,33,1,3472.6775643568435
21335,0,56,3,2640.849640560994
21133,0,34,2,3066.828115549018
6682,2,23,3,1254.2279089144715
10626,3,59,3,2658.462829805594
12424,2,35,1,2209.244374749493
17857,0,47,4,1702.91055590872
17155,1,35,3,2426.6380337800692
22317,3,23,4,4339.52181831968
24982,1,45,2,4592.4947261909365
16425,3,47,1,4216.059746756557
6980,2,51,2,2246.5265176025077
20522,2,21,2,4346.56616474383
24440,2,50,1,5510.207044593888
13984,2,22,2,2947.571348007958
22175,2,27,1,4530.127699959509
20883,1,43,4,3079.2843216765405
10390,2,34,2,1894.6683672664883
23639,0,50,1,4231.344740015827
24994,0,28,3,3988.852446613047
6607,1,58,2,1921.9306223911956
11573,3,21,4,2304.7239528950636
22368,0,27,1,3972.1733138424397
10776,3,26,2,2034.6944003979975
8676,1,58,2,1727.7236842393
8380,3,35,2,2441.0172524154
13711,3,54,4,3533.5375442427267
13782,3,49,1,4067.088467501673
22434,3,29,3,4906.182484205754
18997,1,57,3,3514.235873384893
11342,0,37,3,1314.6334559814836
22343,2,24,1,5249.018321893637
11059,3,48,3,2171.55994582815
13884,0,58,4,1700.1577829734529
10655,0,53,1,2282.384415376317
17091,1,42,2,2610.0773965870326
24330,0,24,4,3531.4733297705884
20251,1,49,2,3611.3689338456534
5526,3,25,3,1741.1845103644043
8224,3,23,4,1595.6349512920183
20069,2,48,1,4882.852593182379
16536,2,42,4,2889.073883177757
18547,2,25,2,4028.5833216189553
23259,0,51,1,4372.281661243958
6763,3,37,4,1493.1100960641652
13712,1,34,4,2035.887783322711
10797,2,59,4,1927.802244925841
14208,1,51,4,2164.1573215166472
10109,1,28,1,2005.8935962527485
21500,2,56,2,4918.486093192377
7433,3,29,4,1921.8176715627972
21967,2,39,1,4859.758156736944
9167,1,25,2,1402.1734115650938
22773,2,22,4,3572.245089243145
13357,1,30,2,2422.3741347710893
11154,1,36,2,1868.7094889410619
13920,2,51,1,2930.2191820925077
23427,0,23,2,3292.3743562767713
24880,2,23,1,5767.285581238161
22162,0,36,4,2778.3463693897556
5213,1,38,2,1414.9979180350056
8762,1,24,2,1422.7267994794136
18399,0,51,3,3082.0981209128995
14768,1,41,4,2495.0795834644423
15640,0,25,4,1391.7040276415948
11731,0,54,3,942.4191899328299
24501,1,41,3,3716.089412113033
10791,3,20,1,2890.678634959636
20822,0,39,1,4215.12154398563
13783,2,41,2,2945.889020745367
18621,2,30,2,3883.1825860059166
21019,1,32,2,4205.766169147872
7720,3,22,2,2369.0778161258672
13905,1,28,1,2781.196360255921
14127,3,31,4,3115.3379258586774
21385,0,42,2,3573.502303197823
11368,0,33,4,934.9067838872412
19056,0,52,2,2926.8632423522076
17236,0,37,3,2377.086035541454
23333,2,28,2,5052.02885182463
19451,2,42,2,4652.335928644443
22301,1,29,2,4119.689094812245
24558,3,38,1,6094.567420310677
15433,0,24,3,1972.6957747877411
20525,0,42,2,3295.5699672237465
5089,3,49,2,2335.489949809054
23093,3,44,4,5095.939703441524
15361,1,47,3,2346.201616709385
21369,3,53,2,4658.229685190576
8041,0,44,4,352.808410256839
5105,0,29,4,-55.16889066851686
14078,0,33,1,2601.1670606746557
23279,0,49,4,3028.874398768602
11090,0,44,2,881.8183473603357
11082,1,33,1,2162.5916183869817
22018,0,54,1,3970.863585277641
6925,1,53,2,1169.6881148610164
23440,0,29,3,3228.127822696378
11917,2,54,4,2531.2954410012117
24528,2,30,1,5303.97656486271
5552,2,30,3,1367.029099566676
8911,2,40,2,2110.8648565074513
8389,1,40,4,804.0058027031181
18629,1,41,4,2744.1567263948855
7430,3,26,1,2778.3379555102647
5458,0,36,4,-438.0212585157755
18395,2,21,4,3600.950684216306
5207,1,31,4,590.5372363798542
5899,0,37,4,-70.05615800539762
16653,0,30,2,2719.01230434983
21405,1,35,3,3986.3303115773115
13601,2,37,2,2897.0954584010847
5894,3,54,2,2295.4093280455936
5514,0,45,1,1457.5015202772315
9109,3,35,4,2735.7179915308084
18258,2,25,2,3729.6883169822245
20313,2,31,4,3222.020503548441
20349,3,32,2,4545.367902809488
12179,2,23,2,2913.591353916407
15326,0,58,1,2505.650891554689
16787,3,21,3,3545.641990338996
6560,2,45,3,1666.764124664819
18612,3,46,2,4223.379520084966
22650,0,46,1,4401.44025057009
24811,2,34,4,4685.937057765364
9780,0,27,4,1234.6574130971198
23311,2,26,2,4933.459987013689
16894,1,59,3,2721.988098659849
7356,2,31,1,2326.5382929478906
9790,3,32,3,2780.8673503416117
21690,2,36,4,4196.684785124194
15181,0,36,3,1735.4451575193689
12057,0,55,4,1036.4310189444984
21082,2,40,1,4366.373193257912
5661,3,27,1,2831.7617594811927
9644,1,24,2,1865.1194567915093
20711,3,45,2,4641.184993972716
7920,1,35,3,1239.5846480825153
21002,0,55,1,3805.688890630833
19025,3,47,1,4595.926030825424
13946,1,48,2,2679.238428404653
17732,2,31,4,3141.349248991265
11236,0,56,3,2052.286157671314
21309,2,49,3,4045.6821284953676
18518,0,42,2,2429.5396782862254
5352,3,35,1,2067.459349848586
12005,3,33,2,2907.39128935862
19036,0,29,2,2779.212644531703
21542,0,26,2,3040.375642518214
5956,0,56,2,1136.7730710214266
7071,3,48,4,1557.8315413148273
13595,1,22,4,1748.4624226821297
20140,2,34,1,5067.188337260705
17803,2,55,2,4104.878371180228
8453,3,38,4,2155.854028295593
11675,2,32,1,3464.867233510403
5955,0,40,2,1103.9204992617078
11295,1,56,3,2152.626868481526
20921,2,46,4,3744.607568023926
23096,1,48,1,4673.010882780733
20282,0,39,3,2923.6438960185055
9703,2,44,2,2271.073748876146
11563,3,25,2,3080.5669782766695
17003,1,55,2,3396.1873987654376
15817,0,21,4,1257.6125301192342
16171,1,41,1,3788.4005452108186
17582,2,51,3,3681.2176072866387
17201,2,35,1,3847.891078870194
22778,3,37,4,4672.949749900655
17473,0,24,1,3144.015469986478
14461,0,55,4,1289.6756778753731
20596,3,49,2,4874.041903281175
5529,3,38,3,1485.3868243231855
24342,0,42,2,4862.677261837513
24975,1,53,1,5143.120974215032
17765,1,32,2,2847.138279007003
18910,3,48,3,5355.92046342689
16561,1,55,2,3049.022228017024
14131,0,41,3,1768.2477397992666
5525,2,55,3,1469.647233655532
21385,2,28,2,4090.0123317289776
5374,1,58,4,790.1146856076703
17197,3,38,1,3793.288474873877
9648,3,57,4,2737.1547899483826
7365,3,25,4,1369.4548194906258
22909,3,34,2,5077.08690651096
6646,3,39,1,2857.9007504242168
5013,1,28,1,1195.0718872078533
9599,2,51,4,1794.7781062353674
7278,2,23,2,1469.5546407567151
19296,1,37,1,4466.489753522952
8155,3,24,4,1987.8478133008748
13321,1,39,1,2442.1390888376172
8814,2,42,2,2274.984481362182
18125,0,30,2,2400.942986588487
8216,1,56,2,2277.889477472579
7113,3,41,1,2789.0727114346923
15238,2,23,3,2553.7412752035266
18760,2,48,1,4557.207149904847
17588,2,53,3,3495.7795772699533
8374,2,32,2,1659.872027630111
11430,3,28,4,2538.7888238697515
24850,0,50,3,4052.7928987906944
24465,2,26,2,5268.575312026576
16970,1,23,2,2981.340556650986
5629,0,38,3,389.37744286945065
21653,2,49,4,4056.8072251888034
15831,0,50,2,3005.773307901435
10724,1,54,3,1772.1276479928904
16083,2,40,4,3013.4629846323355
18149,1,50,4,3038.6776851540094
24816,3,38,2,5724.390527551113
14472,2,50,1,3477.7852507314547
11276,2,51,1,3066.581007556906
20635,2,21,2,4101.229477836847
10895,2,29,4,2430.235634375113
18994,3,21,2,4180.816481637311
15552,2,21,3,2609.164727391034
21959,0,43,1,3906.0195054435762
11099,2,36,3,2225.9133826579878
14499,3,51,2,3855.9756864152446
24576,2,35,2,4903.847361794979
8178,0,35,4,477.3932944352423
24118,3,58,4,5119.18924005019
11116,3,50,4,2864.680211357327
20563,0,43,3,3067.021215986244
8568,0,20,4,387.53453833582535
14847,0,30,2,2302.105082896435
19135,0,40,4,2698.208348945071
23587,0,23,1,3727.8024222876725
22774,3,26,4,4118.0279052963115
6742,3,45,3,2617.353513050474
23309,2,31,1,5260.798951053582
5619,2,50,1,2010.525018650505
22658,1,36,1,4478.880585876529
22340,2,52,3,4354.074001312492
6939,2,30,2,1852.1016983163458
21001,0,47,4,2571.640690693722
5968,0,51,1,1394.7187488916331
19846,2,20,1,4321.581140734899
5281,1,47,1,1555.5269363251336
20360,0,26,2,2859.3158824528
11262,2,21,2,2581.6863542984934
6058,2,43,3,1215.9402029296866
15724,3,23,2,3526.707507603011
10178,1,38,4,1337.8019768144106
11980,3,45,3,3744.6750301200254
14200,1,30,3,2282.797599990323
6229,0,59,4,-406.74206957061034
13467,1,30,4,1608.3774339756553
24124,2,22,4,4424.069116858534
7289,2,31,3,1217.8580761798962
6239,1,22,3,1042.4888605360586
10370,1,46,3,1772.6704544367758
21170,1,21,4,3429.3406390439354
5125,3,35,4,1278.06095868008
17504,1,21,1,3149.228422786887
20398,0,49,2,3537.2388567106013
11638,3,39,1,3470.26006382672
11570,3,57,4,2720.059427549313
8249,1,47,3,1848.086808199847
14110,0,44,4,1738.7375822663146
12595,3,51,2,2862.758764355937
18605,2,29,1,4366.137963096488
17115,3,59,1,4860.611618454198
11294,1,52,3,2298.8947314784696
10757,0,32,1,1467.4702714148025
17595,1,56,1,3807.5383058387815
6969,2,35,4,1278.1075338283335
15985,2,41,1,3477.617224978203
22275,2,39,1,5212.831127690341
9470,1,46,1,2099.704482214452
15225,3,35,3,3812.0719088310793
14556,1,53,3,2304.084035364205
14206,0,51,4,1206.386424124837
14991,3,45,1,4052.565286625986
12519,2,44,3,2646.0525199165127
18669,1,21,3,2796.896364101029
9612,2,31,4,724.7703220476656
17373,2,59,2,4013.613625805291
22582,0,28,1,3990.2709548562957
20552,3,31,3,4621.251726237423
19646,0,45,4,2470.672645570097
10238,0,28,4,589.3311479851161
20577,0,29,4,3031.580962182019
20504,2,51,3,3635.2442396181405
8719,0,53,1,1541.4001577841557
5302,0,39,2,657.4772901579097
17144,3,58,1,4828.252489363101
22370,3,21,4,4415.120635987998
15055,0,20,4,1206.486638607881
9440,3,55,2,3306.8088650573973
8072,3,43,1,2908.3617395565716
18598,0,46,4,1897.1721740598578
19287,2,21,4,3336.06494549872
18965,0,50,1,3548.9221349157656
24508,3,33,4,5495.38074140772
14519,2,21,1,3419.5503469277896
18380,1,48,4,2432.209057613135
16865,2,34,1,3420.618919961547
13125,3,31,2,3728.5453011346135
8291,2,56,4,1432.8123102710024
9033,0,47,2,843.6706162715802
10105,1,39,4,1609.3898176458977
22087,1,58,4,3539.0940296944254
13133,1,43,3,2458.362210121381
21958,3,40,1,5102.951517391792
10704,3,29,2,3351.8408174413357
12848,1,33,2,2584.205707468269
17975,2,56,2,3763.807548295341
11924,1,37,1,2003.7243082134244
24614,2,43,3,5521.330485499741
5488,2,33,2,1520.5713247903425
12114,3,53,1,3466.694036761732
20740,2,31,4,4066.956919323983
8173,1,41,2,1888.1124392458607
6667,3,25,2,2548.140907705566
9114,0,55,3,1072.0235933958213
8553,0,55,2,1871.831296748228
12761,3,41,2,2995.44422105672
6000,1,33,4,400.70063492103014
20638,0,35,1,3689.292237169844
22772,0,55,1,4536.208467922274
10450,2,44,3,2416.953410305228
8712,2,51,4,1669.6908526106183
6367,1,52,1,1574.8112381395963
13189,3,55,4,3355.764059158947
14013,1,39,1,3119.008505301477
21838,3,37,4,4161.300778474498
24156,0,57,3,3606.7328876662864
8726,2,22,2,1839.779636860506
9806,1,42,3,1386.6722278590144
7190,1,51,1,2151.000003128596
14108,3,35,3,3396.656927120784
17178,3,24,2,4177.768929759827
7875,1,23,3,1129.2751056146794
10592,3,40,1,3374.1352835918224
22824,1,59,1,4260.737504727568
17592,1,33,3,3116.8490526937167
13927,1,58,2,2594.8960891813945
19437,0,50,3,2885.318217634328
16530,3,33,2,3841.1045147476857
12010,2,25,4,2038.3046252572947
16207,2,31,2,3575.561865848332
7989,3,35,4,1610.2191776983805
17040,1,36,3,2883.0714081597907
14218,2,42,2,3021.8939019186696
11471,2,33,4,2378.986965151087
7863,3,26,4,1465.8581453624686
15693,2,51,4,2611.316997495439
6177,1,34,1,1397.3453457930107
9760,3,36,3,2242.449526382438
5011,1,53,4,541.1103519883743
21353,2,24,2,4139.184030804184
16556,2,46,4,3046.012231317811
16563,1,42,1,3682.947728892073
19051,0,59,3,2932.722236034943
16022,2,33,1,3739.0263436332293
13234,0,34,1,1883.5530573604235
21173,2,52,1,4805.794972166901
18178,0,50,2,2832.531191066507
11570,0,54,3,1715.4027180672574
5406,0,36,3,71.63978192578054
14206,1,47,2,2446.513604761759
9431,0,38,3,1080.0462359260898
11542,0,42,1,2580.291831856709
13906,0,51,3,1838.3438781722566
9146,2,59,2,2496.7595911988096
17046,0,32,1,3151.9894187932905
17611,2,39,2,3896.1440229029495
18076,0,54,4,2534.631149089771
21524,0,24,1,3601.973914063496
9882,1,28,1,2036.5633928662105
19113,2,48,3,3587.704536899713
18645,0,25,1,3239.1010570022067
11012,2,44,2,2754.0336771473717
22347,2,50,3,4668.505615857467
12151,3,41,4,2535.5020140561246
8610,1,21,2,1722.9460010802838
14884,1,24,4,2332.782966083279
11894,1,46,4,1323.3671825243887
18467,3,44,4,3763.921519340556
21489,3,27,1,5506.779435827784
14873,1,20,2,2355.4708241904827
17289,3,39,2,4342.26381147337
17208,3,42,1,4501.631216145556
15828,3,51,3,3835.8410097917076
7137,1,30,4,732.9214197915436
24914,1,58,2,5062.587895728109
6286,1,43,1,1307.7909871143356
20710,3,30,4,3861.1248867471945
16371,1,48,3,3245.006035297729
20945,3,45,3,5262.5070692309255
12052,0,35,4,1102.1264388674706
8654,3,54,3,3029.117057620625
23743,2,39,2,4685.02318721431
20600,1,22,2,3473.2672421465736
13636,1,20,2,2766.7681546699596
11441,2,20,3,2386.4598447333556
14667,3,36,2,4157.984059266267
17149,0,21,1,2915.2785129844037
6798,2,48,2,1644.1413102633887
14600,2,39,2,3261.6087395691707
10495,3,25,3,2893.7988422521953
14900,1,27,2,2586.334679445681
18673,3,48,4,3845.693202665956
16130,2,52,1,4046.5998302006774
20222,2,22,3,3592.7604115288013
6300,1,54,1,1814.885673909162
14435,1,24,4,1931.3187380403347
24481,1,46,3,4186.33240478274
9616,3,31,3,2739.005464235357
21393,1,39,2,4151.7823630036
15617,2,39,1,3571.7150460323796
10752,2,28,4,1803.2471482176663
14852,0,58,4,1747.928428404476
11295,3,23,3,2458.741322802761
22456,0,38,2,3144.4147500597746
8225,2,57,3,1827.3536727783735
6316,0,46,3,362.07098851258013
17337,2,32,3,3355.7055296374624
11807,0,32,3,1462.7816377453291
8683,1,41,4,848.8256422812631
12227,0,47,4,1367.5985840332298
8273,1,41,3,1034.155348362126
5145,1,38,3,741.8569860903489
10010,3,27,2,2590.1196100412826
21035,1,27,3,3690.718556663246
8040,1,45,4,1057.6285902337097
14654,0,45,1,2531.7443984857964
21866,2,42,4,3792.1901795103613
24563,3,32,2,5409.255324773893
22633,1,47,4,4227.920779212944
22014,3,28,1,5115.720983482925
19996,0,39,3,3034.4376235973127
21336,1,38,1,4203.054716715579
13853,0,58,3,2086.032407731039
16695,3,31,3,3943.9826254831055
7852,0,34,4,273.7714382077306
21014,3,50,4,4608.538072482864
5987,0,33,4,891.2015034900382
12622,3,30,2,3422.5946422413917
14160,2,45,4,3060.535099615269
22484,0,46,2,3884.431438039251
11652,0,30,4,703.6983773246283
12421,2,57,3,2771.24081126109
5769,2,53,2,1731.1807570214685
22727,0,38,1,3828.008035586613
19114,2,25,2,3859.472488591107
9358,1,57,2,1915.9485114665695
16543,3,47,1,4109.14322377727
23733,3,20,2,6033.925169562286
10699,3,54,3,3103.2254043167713
22625,1,59,4,3869.705452082295
6125,2,27,1,1952.3748986148241
15793,2,26,4,3038.042432142926
11764,0,30,3,1925.3805646767282
17323,2,58,1,4384.9911449626
18031,0,23,4,2094.633362010943
19052,1,44,4,3404.475129741064
17640,3,31,3,3909.794211555892
12843,3,45,4,2973.9421521228605
19210,3,57,3,4721.928747094746
21456,2,31,2,4272.733033312855
15106,0,56,3,1532.6034500539758
10189,0,43,2,1333.473985274493
7472,1,35,1,1959.232629269195
22091,2,32,4,4132.544298602308
23188,1,44,3,4460.587580971559
11704,0,23,3,1102.0428954147926
8713,0,30,4,956.8617018679095
10051,3,51,4,2476.0445795002433
15756,2,26,1,3751.944482025461
7475,0,30,1,1447.927212472172
8610,3,47,3,2023.132258447019
9255,2,42,1,2294.1790187567494
19484,1,42,2,3312.5422524246533
6735,2,47,1,2549.275226969774
13258,2,45,1,3224.7926407135615
12979,0,44,3,2265.4822371451946
7428,0,48,2,1052.3803056853492
17345,2,38,1,3542.410586357435
12426,0,52,2,1738.3471320998847
13533,0,55,2,2199.716078616939
10249,0,33,2,1527.2644516463301
24201,3,33,4,4550.702573963574
14686,3,54,4,3430.6683565169933
19109,2,49,4,3774.131613339036
5661,0,47,4,-39.08751235147082
17075,3,36,3,4404.437829504333
19788,2,22,1,4118.350244187194
15060,0,35,4,1336.5417441907161
20836,1,49,3,3192.737046807286
15526,0,48,1,3118.1412148253207
8374,0,34,4,473.59982140782444
5207,3,44,1,2306.2802563084624
7665,2,57,4,1137.362065455647
23877,2,57,3,4705.987223015105
5632,3,42,2,2912.6961918476604
8083,0,44,2,476.3418420194438
18711,1,26,1,3426.222997946592
15123,0,41,3,2546.6268742347916
12123,0,36,2,2100.9940840074464
15754,1,37,4,2111.1604877974323
6679,3,29,2,2297.0590714221635
20901,2,29,1,4700.404523749894
5236,3,26,1,2311.9362677985373
12446,3,57,3,3728.2393499679474
9443,0,46,1,1769.533892644653
20463,2,52,2,4750.606165600351
13555,2,20,2,2869.6490608750332
23752,3,53,2,4948.9053950665075
21669,1,23,2,3490.6803245687015
5148,3,36,3,1464.123590094782
18395,1,23,4,2551.348857392845
9895,2,45,4,2457.640356939647
22396,3,23,3,4798.2128444382815
16023,0,20,1,2526.6315035269186
15699,3,26,4,3531.8449971030514
14715,2,49,1,3180.181027574724
24169,0,28,4,3141.9120336552164
21163,0,54,1,3672.6695017930997
10782,1,27,3,1722.109232079974
23792,0,43,2,4235.442483579689
21724,0,38,1,3953.201557390054
7817,3,55,2,2831.2615146168146
20096,2,46,1,4471.903862241883
23880,1,51,1,4960.333986799497
10299,3,33,1,2929.2835311541694
